<?xml version="1.0" encoding="utf-8"?>
<odoo>
    <data noupdate="0">
        <!-- helpdesk teams -->
        <record id="helpdesk_team_sat" model="helpdesk.team">
            <field name="name">SAT</field>
            <field name="stage_ids" eval="[(6, 0, [ref('helpdesk.stage_new'), ref('helpdesk.stage_in_progress'), ref('helpdesk.stage_solved'), ref('helpdesk.stage_cancelled')])]"/>
            <field name="use_sla" eval="True"/>
            <field name="member_ids" eval="[Command.link(ref('base.user_admin'))]"/>
        </record>
        <record id="helpdesk_team_national" model="helpdesk.team">
            <field name="name">NATIONAL</field>
            <field name="stage_ids" eval="[(6, 0, [ref('helpdesk.stage_new'), ref('helpdesk.stage_in_progress'), ref('helpdesk.stage_solved'), ref('helpdesk.stage_cancelled')])]"/>
            <field name="use_sla" eval="True"/>
            <field name="member_ids" eval="[Command.link(ref('base.user_admin'))]"/>
        </record>
        <!-- business areas -->
        <record id="business_areas_0" model="res.business.areas">
            <field name="name">Project</field>
            <field name="helpdesk_team_id" ref='helpdesk_team_national'/>
        </record>
        <record id="business_areas_1" model="res.business.areas">
            <field name="name">SAT</field>
            <field name="helpdesk_team_id" ref='helpdesk_team_sat'/>
        </record>
        <record id="business_areas_2" model="res.business.areas">
            <field name="name">Coordination</field>
            <field name="helpdesk_team_id" ref='helpdesk_team_sat'/>
        </record>
        <record id="business_areas_3" model="res.business.areas">
            <field name="name">NATIONAL</field>
            <field name="helpdesk_team_id" ref='helpdesk_team_national'/>
        </record>
    </data>
</odoo>
