<?xml version="1.0" encoding="utf-8"?>
<odoo>
    <data noupdate="1">
        <record id="contact_person_email_template" model="mail.template">
            <field name="name">Mail To Contact Person</field>
            <field name="model_id" ref="helpdesk.model_helpdesk_ticket"/>
            <field name="subject">{{ object.display_name }}</field>
            <field name="email_from">{{ (object.partner_id.email_formatted) }}</field>
            <field name="partner_to">{{ object.partner_id.id if object.sudo().partner_id.email else ''}},{{ object.customer_contact_id.id if object.sudo().customer_contact_id.email else '' }}</field>
            <field name="body_html" type="html">
    <div>
        Hello <t t-out="object.sudo().customer_contact_id.name or ''"/>,<br /><br />
        This is to inform you that the Ticket
        <t t-if="object.name">
            <t t-out="object.name or ''"/>
        </t>
        has been generated by <t t-out="object.sudo().partner_id.name"/> and is being reviewed by your <t t-out="object.team_id.name or ''"/>.
        The reference of this ticket is <t t-out="object.id or ''"/>.<br />Kindly look into it.

        <div style="text-align: center; padding: 16px 0px 16px 0px;">
            <a style="background-color: #875A7B; padding: 8px 16px 8px 16px; text-decoration: none; color: #fff; border-radius: 5px; font-size:13px;" t-att-href="object.get_portal_url()">View the ticket</a><br/>
        </div>

        For further query, reply to this email.<br/><br/>

        Thank you,<br/><br/>
        <t t-out="object.partner_id.name or 'Helpdesk'"/>.
    </div>
            </field>
            <field name="lang">{{ object.partner_id.lang or object.user_id.lang or user.lang }}</field>
            <field name="auto_delete" eval="False"/>
        </record>
        <record id="external_technician_email_template" model="mail.template">
            <field name="name">Mail To Technician</field>
            <field name="model_id" ref="helpdesk.model_helpdesk_ticket"/>
            <field name="subject">{{ object.display_name }}</field>
            <field name="email_from">{{ (object.provider_id.email_formatted) }}</field>
            <field name="partner_to">{{ object.provider_id.id if object.sudo().provider_id.email else '' }},{{ object.external_technician_id.id if object.sudo().external_technician_id.email else '' }}</field>
            <field name="body_html" type="html">
    <div>
        Hello <t t-out="object.sudo().external_technician_id.name or ''"/>,<br /><br />
        This is to inform you that the Ticket
        <t t-if="object.name">
            <t t-out="object.name or ''"/>
        </t>
        has been generated by <t t-out="object.sudo().partner_id.name"/> and is being reviewed by our <t t-out="object.team_id.name or ''"/>.
        The reference of this ticket is <t t-out="object.id or ''"/>.<br />Kindly look into it.

        <div style="text-align: center; padding: 16px 0px 16px 0px;">
            <a style="background-color: #875A7B; padding: 8px 16px 8px 16px; text-decoration: none; color: #fff; border-radius: 5px; font-size:13px;" t-att-href="object.get_portal_url()">View the ticket</a><br/>
        </div>

        For further query, reply to this email.<br/><br/>

        Thank you,<br/><br/>
        <t t-out="object.provider_id.name or 'Helpdesk'"/>.
    </div>
            </field>
            <field name="lang">{{ object.provider_id.lang or object.user_id.lang or user.lang }}</field>
            <field name="auto_delete" eval="False"/>
        </record>
    </data>
</odoo>
