id,name,model_id:id,group_id:id,perm_read,perm_write,perm_create,perm_unlink
res_business_areas_model_access_right_user,res.business.areas,model_res_business_areas,helpdesk.group_helpdesk_user,1,1,1,1
res_business_areas_model_access_right_manager,res.business.areas,model_res_business_areas,helpdesk.group_helpdesk_manager,1,1,1,1
access_helpdesk_ticket_product_user,helpdesk.ticket.product,model_helpdesk_ticket_product,helpdesk.group_helpdesk_user,1,1,1,1
access_helpdesk_ticket_product_manager,helpdesk.ticket.product,model_helpdesk_ticket_product,helpdesk.group_helpdesk_manager,1,1,1,1
res_document_type_model_access_right_user,res.document.type,model_res_document_type,helpdesk.group_helpdesk_user,1,1,1,1
res_document_type_model_access_right_manager,res.document.type,model_res_document_type,helpdesk.group_helpdesk_manager,1,1,1,1